<application>
  <component name="FileTypeManager" version="18">
    <extensionMap>
      <mapping pattern="test" type="AUTO_DETECTED" />
      <mapping ext="gradle.kts" type="Kotlin" />
      <mapping ext="main.kts" type="Kotlin" />
      <mapping pattern=".gitkeep" type="PLAIN_TEXT" />
      <mapping ext="bak" type="PLAIN_TEXT" />
      <mapping ext="list" type="PLAIN_TEXT" />
      <removed_mapping ext="apk" approved="true" type="ARCHIVE" />
      <removed_mapping ext="config" approved="true" type="XML" />
      <removed_mapping ext="ini" approved="true" type="PLAIN_TEXT" />
      <removed_mapping ext="md" approved="true" type="XML" />
      <removed_mapping ext="permissionset" approved="true" type="XML" />
      <removed_mapping ext="profile" approved="true" type="XML" />
      <removed_mapping ext="psd" approved="true" type="Image" />
    </extensionMap>
  </component>
</application>